<?xml version="1.0" encoding="UTF-8" standalone="yes"?>
<addon id="game.controller.odyssey2"
        name="Odyssey2 Controller"
        version="1.0.28"
        provider-name="Team Kodi">
    <extension point="kodi.game.controller" library="resources/layout.xml"/>
    <extension point="xbmc.addon.metadata">
        <platform>all</platform>
        <assets>
            <icon>resources/icon.png</icon>
        </assets>
        <summary lang="da_DK">Odyssey² controller</summary>
        <summary lang="de_DE">Odyssey² Controller</summary>
        <summary lang="en_GB">Odyssey² controller</summary>
        <summary lang="es_ES">Mando Odyssey²</summary>
        <summary lang="fr_FR">Contrôleur Odyssey²</summary>
        <summary lang="it_IT">Controller Odyssey²</summary>
        <summary lang="zh_CN">Odyssey² 控制器</summary>
        <description lang="da_DK">Odyssey², også kendt som Videopac G7000, blev udgivet af Magnavox (nu Philips) i 1978. Alle spil produceret af Magnavox/Philips endte med et udråbstegn, såsom K.C. Munchkin! og Kuller Bees!.</description>
        <description lang="de_DE">Der Odyssey², auch bekannt als Videopac G7000, wurde 1978 von Magnavox (jetzt Philips) herausgebracht. Alle von Magnavox/Philips produzierten Spiele endeten mit einem Ausrufezeichen, beispielsweise K.C. Munchkin! und Kuller Bees!.</description>
        <description lang="en_GB">The Odyssey², also known as the Videopac G7000, was released by Magnavox (now Philips) in 1978. All games produced by Magnavox/Philips ended with an exclamation point, such as K.C. Munchkin! and Kuller Bees!.</description>
        <description lang="es_ES">La Odyssey², también conocida como Videopac G7000, fue lanzada por Magnavox (ahora Philips) en 1978. Todos los juegos producidos por Magnavox/Philips terminaban con un signo de exclamación, como K.C. Munchkin! y Kuller Bees!.</description>
        <description lang="fr_FR">L&apos;Odyssey², également connu sous le nom de Videopac G7000, a été lancé par Magnavox (aujourd&apos;hui Philips) en 1978. Tous les jeux produits par Magnavox/Philips se terminaient par un point d&apos;exclamation, comme K.C. Munchkin ! et and Kuller Bees !.</description>
        <description lang="it_IT">L&apos;Odyssey², noto anche come Videopac G7000, è stato rilasciato da Magnavox (ora Philips) nel 1978. Tutti i giochi prodotti da Magnavox/Philips terminavano con un punto esclamativo, come K.C. Munchkin! e Kuller Bees!.</description>
        <description lang="zh_CN">Odyssey²，也称为 Videopac G7000，由 Magnavox（现在的飞利浦）于1978年发布。所有由 Magnavox/飞利浦制作的游戏都以感叹号结尾，例如《K.C. Munchkin!》和《Kuller Bees!》。</description>
        <disclaimer lang="da_DK">Kildeangivelse: OpenEmu (openemu.org)</disclaimer>
        <disclaimer lang="de_DE">Bildverweis: OpenEmu (openemu.org)</disclaimer>
        <disclaimer lang="en_GB">Image credit: OpenEmu (openemu.org)</disclaimer>
        <disclaimer lang="es_ES">Créditos de la imagen: OpenEmu (openemu.org)</disclaimer>
        <disclaimer lang="es_MX">Créditos de la imagen: OpenEmu (openemu.org)</disclaimer>
        <disclaimer lang="eu_ES">Irudiaren kreditua: OpenEmu (openemu.org)</disclaimer>
        <disclaimer lang="fi_FI">Kuvan lähde: OpenEmu (openemu.org)</disclaimer>
        <disclaimer lang="fr_FR">Crédit image : OpenEmu (openemu.org)</disclaimer>
        <disclaimer lang="it_IT">Credito immagine: OpenEmu (openemu.org)</disclaimer>
        <disclaimer lang="nl_NL">Bron afbeelding: OpenEmu (openemu.org)</disclaimer>
        <disclaimer lang="ru_RU">Источник изображения: OpenEmu (openemu.org)</disclaimer>
        <disclaimer lang="zh_CN">图片来源：OpenEmu（openemu.org）</disclaimer>
    </extension>
</addon>
